[
    {
        "inputs": [
            {
                "internalType": "contract IERC20",
                "name": "_addr",
                "type": "address"
            }
        ],
        "stateMutability": "nonpayable",
        "type": "constructor"
    },
    {
        "inputs": [
            {
                "internalType": "string",
                "name": "",
                "type": "string"
            }
        ],
        "name": "_addressZero",
        "type": "error"
    },
    {
        "inputs": [
            {
                "internalType": "string",
                "name": "",
                "type": "string"
            }
        ],
        "name": "_alreadyConfirmed",
        "type": "error"
    },
    {
        "inputs": [
            {
                "internalType": "string",
                "name": "",
                "type": "string"
            }
        ],
        "name": "_alreadyExecuted",
        "type": "error"
    },
    {
        "inputs": [
            {
                "internalType": "string",
                "name": "",
                "type": "string"
            }
        ],
        "name": "_assertExco",
        "type": "error"
    },
    {
        "inputs": [
            {
                "internalType": "string",
                "name": "",
                "type": "string"
            }
        ],
        "name": "_noZeroAmount",
        "type": "error"
    },
    {
        "inputs": [
            {
                "internalType": "string",
                "name": "",
                "type": "string"
            }
        ],
        "name": "_notApprovedYet",
        "type": "error"
    },
    {
        "inputs": [
            {
                "internalType": "string",
                "name": "",
                "type": "string"
            }
        ],
        "name": "_withdrawal",
        "type": "error"
    },
    {
        "anonymous": false,
        "inputs": [
            {
                "indexed": true,
                "internalType": "address",
                "name": "previousOwner",
                "type": "address"
            },
            {
                "indexed": true,
                "internalType": "address",
                "name": "newOwner",
                "type": "address"
            }
        ],
        "name": "OwnershipTransferred",
        "type": "event"
    },
    {
        "anonymous": false,
        "inputs": [
            {
                "indexed": false,
                "internalType": "uint256",
                "name": "",
                "type": "uint256"
            }
        ],
        "name": "_approveWithdrawal",
        "type": "event"
    },
    {
        "anonymous": false,
        "inputs": [
            {
                "indexed": false,
                "internalType": "string",
                "name": "",
                "type": "string"
            }
        ],
        "name": "_changePassword",
        "type": "event"
    },
    {
        "anonymous": false,
        "inputs": [
            {
                "indexed": false,
                "internalType": "uint256",
                "name": "",
                "type": "uint256"
            },
            {
                "indexed": false,
                "internalType": "address",
                "name": "",
                "type": "address"
            }
        ],
        "name": "_getAccountNumber",
        "type": "event"
    },
    {
        "anonymous": false,
        "inputs": [
            {
                "indexed": false,
                "internalType": "uint256",
                "name": "",
                "type": "uint256"
            }
        ],
        "name": "_initTransaction",
        "type": "event"
    },
    {
        "inputs": [
            {
                "internalType": "uint256",
                "name": "_associationAcctNumber",
                "type": "uint256"
            },
            {
                "internalType": "string",
                "name": "password",
                "type": "string"
            }
        ],
        "name": "AmountInAssociationVault",
        "outputs": [
            {
                "internalType": "uint256",
                "name": "",
                "type": "uint256"
            }
        ],
        "stateMutability": "view",
        "type": "function"
    },
    {
        "inputs": [
            {
                "internalType": "uint256",
                "name": "_associationAcctNumber",
                "type": "uint256"
            },
            {
                "internalType": "uint256",
                "name": "_orderNumber",
                "type": "uint256"
            }
        ],
        "name": "ApprovalStatus",
        "outputs": [
            {
                "internalType": "uint256",
                "name": "approvalNo",
                "type": "uint256"
            },
            {
                "internalType": "bool",
                "name": "executed",
                "type": "bool"
            }
        ],
        "stateMutability": "view",
        "type": "function"
    },
    {
        "inputs": [
            {
                "internalType": "uint256",
                "name": "_orderNumber",
                "type": "uint256"
            },
            {
                "internalType": "uint256",
                "name": "_associationAcctNumber",
                "type": "uint256"
            }
        ],
        "name": "approveWithdrawal",
        "outputs": [],
        "stateMutability": "nonpayable",
        "type": "function"
    },
    {
        "inputs": [
            {
                "internalType": "uint256",
                "name": "",
                "type": "uint256"
            }
        ],
        "name": "association",
        "outputs": [
            {
                "internalType": "string",
                "name": "associationName",
                "type": "string"
            },
            {
                "internalType": "uint40",
                "name": "excoNumber",
                "type": "uint40"
            },
            {
                "internalType": "uint256",
                "name": "associationBalance",
                "type": "uint256"
            },
            {
                "internalType": "string",
                "name": "associationPassword",
                "type": "string"
            },
            {
                "internalType": "address",
                "name": "associationCreator",
                "type": "address"
            }
        ],
        "stateMutability": "view",
        "type": "function"
    },
    {
        "inputs": [
            {
                "internalType": "uint256",
                "name": "_associationAcctNumber",
                "type": "uint256"
            },
            {
                "internalType": "string",
                "name": "newPassword",
                "type": "string"
            }
        ],
        "name": "changeAssociationPassword",
        "outputs": [],
        "stateMutability": "nonpayable",
        "type": "function"
    },
    {
        "inputs": [
            {
                "internalType": "contract IERC20",
                "name": "_contractAddress",
                "type": "address"
            }
        ],
        "name": "changeContractAddress",
        "outputs": [],
        "stateMutability": "nonpayable",
        "type": "function"
    },
    {
        "inputs": [
            {
                "internalType": "uint256",
                "name": "_associationAcctNumber",
                "type": "uint256"
            },
            {
                "internalType": "uint256",
                "name": "_orderNumber",
                "type": "uint256"
            }
        ],
        "name": "checkAmountRequest",
        "outputs": [
            {
                "internalType": "uint256",
                "name": "",
                "type": "uint256"
            }
        ],
        "stateMutability": "view",
        "type": "function"
    },
    {
        "inputs": [
            {
                "internalType": "uint256",
                "name": "_associationAcctNumber",
                "type": "uint256"
            },
            {
                "internalType": "address",
                "name": "_addr",
                "type": "address"
            }
        ],
        "name": "checkUserDeposit",
        "outputs": [
            {
                "internalType": "uint256",
                "name": "",
                "type": "uint256"
            }
        ],
        "stateMutability": "view",
        "type": "function"
    },
    {
        "inputs": [
            {
                "internalType": "string",
                "name": "_associationName",
                "type": "string"
            },
            {
                "internalType": "address[]",
                "name": "_assExcoAddr",
                "type": "address[]"
            },
            {
                "internalType": "uint40",
                "name": "_excoNumber",
                "type": "uint40"
            },
            {
                "internalType": "string",
                "name": "_associationPassword",
                "type": "string"
            }
        ],
        "name": "createAccount",
        "outputs": [
            {
                "internalType": "uint256",
                "name": "_getAcctNo",
                "type": "uint256"
            }
        ],
        "stateMutability": "nonpayable",
        "type": "function"
    },
    {
        "inputs": [
            {
                "internalType": "uint256",
                "name": "_associationAcctNumber",
                "type": "uint256"
            },
            {
                "internalType": "uint256",
                "name": "payFee",
                "type": "uint256"
            }
        ],
        "name": "deposit",
        "outputs": [],
        "stateMutability": "payable",
        "type": "function"
    },
    {
        "inputs": [],
        "name": "getAllAssociations",
        "outputs": [
            {
                "components": [
                    {
                        "internalType": "string",
                        "name": "infoAssName",
                        "type": "string"
                    },
                    {
                        "internalType": "uint256",
                        "name": "associationAcctNumber",
                        "type": "uint256"
                    },
                    {
                        "internalType": "address",
                        "name": "infoAssCreator",
                        "type": "address"
                    }
                ],
                "internalType": "struct celoBank.AssociationInfo[]",
                "name": "assInfo",
                "type": "tuple[]"
            }
        ],
        "stateMutability": "view",
        "type": "function"
    },
    {
        "inputs": [
            {
                "internalType": "uint256",
                "name": "_associationAcctNumber",
                "type": "uint256"
            }
        ],
        "name": "getExcoNumber",
        "outputs": [
            {
                "internalType": "uint256",
                "name": "",
                "type": "uint256"
            }
        ],
        "stateMutability": "view",
        "type": "function"
    },
    {
        "inputs": [
            {
                "internalType": "uint216",
                "name": "_amountToWithdraw",
                "type": "uint216"
            },
            {
                "internalType": "uint256",
                "name": "_associationAcctNumber",
                "type": "uint256"
            }
        ],
        "name": "initTransaction",
        "outputs": [
            {
                "internalType": "uint256",
                "name": "getOrder",
                "type": "uint256"
            }
        ],
        "stateMutability": "nonpayable",
        "type": "function"
    },
    {
        "inputs": [],
        "name": "owner",
        "outputs": [
            {
                "internalType": "address",
                "name": "",
                "type": "address"
            }
        ],
        "stateMutability": "view",
        "type": "function"
    },
    {
        "inputs": [],
        "name": "renounceOwnership",
        "outputs": [],
        "stateMutability": "nonpayable",
        "type": "function"
    },
    {
        "inputs": [
            {
                "internalType": "uint256",
                "name": "_associationAcctNumber",
                "type": "uint256"
            },
            {
                "internalType": "uint256",
                "name": "_orderNumber",
                "type": "uint256"
            }
        ],
        "name": "revertApproval",
        "outputs": [],
        "stateMutability": "nonpayable",
        "type": "function"
    },
    {
        "inputs": [
            {
                "internalType": "address",
                "name": "newOwner",
                "type": "address"
            }
        ],
        "name": "transferOwnership",
        "outputs": [],
        "stateMutability": "nonpayable",
        "type": "function"
    },
    {
        "inputs": [
            {
                "internalType": "uint256",
                "name": "_associationAcctNumber",
                "type": "uint256"
            },
            {
                "internalType": "uint256",
                "name": "_orderNumber",
                "type": "uint256"
            }
        ],
        "name": "withdrawal",
        "outputs": [],
        "stateMutability": "nonpayable",
        "type": "function"
    }
]